	row_id	prediction_label
0	22297	546
1	22298	130
2	22299	444
3	22300	934
4	22301	225
5	22302	199
6	22303	385
7	22304	99
8	22305	340
9	22306	640
10	22307	173
11	22308	324
12	22309	610
13	22310	163
14	22311	555
15	22312	998
16	22313	282
17	22314	229
18	22315	443
19	22316	114
20	22317	395
21	22318	736
22	22319	201
23	22320	199
24	22321	385
25	22322	99
26	22323	340
27	22324	640
28	22325	173
29	22326	324
30	22327	610
31	22328	163
32	22329	555
33	22330	998
34	22331	282
35	22332	229
36	22333	443
37	22334	114
38	22335	395
39	22336	736
40	22337	201
41	22338	199
42	22339	385
43	22340	99
44	22341	340
45	22342	640
46	22343	173
47	22344	324
48	22345	610
49	22346	163
50	22347	555
51	22348	998
52	22349	282
53	22350	229
54	22351	443
55	22352	114
56	22353	395
57	22354	736
58	22355	201
59	22356	199
60	22357	385
61	22358	99
62	22359	340
63	22360	640
64	22361	173
65	22362	324
66	22363	610
67	22364	163
68	22365	555
69	22366	998
70	22367	282
71	22368	229
72	22369	443
73	22370	114
74	22371	395
75	22372	736
76	22373	201
77	22374	199
78	22375	385
79	22376	99
80	22377	340
81	22378	640
82	22379	173
83	22380	324
84	22381	610
85	22382	163
86	22383	555
87	22384	998
88	22385	282
89	22386	229
90	22387	443
91	22388	114
92	22389	395
93	22390	736
94	22391	201
95	22392	199
96	22393	385
97	22394	99
98	22395	340
99	22396	640
100	22397	173
101	22398	324
102	22399	610
103	22400	163
104	22401	555
105	22402	998
106	22403	282
107	22404	229
108	22405	443
109	22406	114
110	22407	395
111	22408	736
112	22409	201
113	22410	199
114	22411	385
115	22412	99
116	22413	340
117	22414	640
118	22415	173
119	22416	324
120	22417	610
121	22418	163
122	22419	555
123	22420	998
124	22421	282
125	22422	229
126	22423	443
127	22424	114
128	22425	395
129	22426	736
130	22427	201
131	22428	199
132	22429	385
133	22430	99
134	22431	340
135	22432	640
136	22433	173
137	22434	324
138	22435	610
139	22436	163
140	22437	555
141	22438	998
142	22439	282
143	22440	229
144	22441	443
145	22442	114
146	22443	395
147	22444	736
148	22445	201
149	22446	199
150	22447	385
151	22448	99
152	22449	340
153	22450	640
154	22451	173
155	22452	324
156	22453	610
157	22454	163
158	22455	555
159	22456	998
160	22457	282
161	22458	229
162	22459	443
163	22460	114
164	22461	395
165	22462	736
166	22463	201
167	22464	199
168	22465	385
169	22466	99
170	22467	340
171	22468	640
172	22469	173
173	22470	324
174	22471	610
175	22472	163
176	22473	555
177	22474	998
178	22475	282
179	22476	229
180	22477	443
181	22478	114
182	22479	395
183	22480	736
184	22481	201
185	22482	199
186	22483	385
187	22484	99
188	22485	340
189	22486	640
190	22487	173
191	22488	324
192	22489	610
193	22490	163
194	22491	555
195	22492	998
196	22493	282
197	22494	229
198	22495	443
199	22496	114
200	22497	395
201	22498	736
202	22499	201
203	22500	199
204	22501	385
205	22502	99
206	22503	340
207	22504	640
208	22505	173
209	22506	324
210	22507	610
211	22508	163
212	22509	555
213	22510	998
214	22511	282
215	22512	229
216	22513	443
217	22514	114
218	22515	395
219	22516	736
220	22517	201
221	22518	199
222	22519	385
223	22520	99
224	22521	340
225	22522	640
226	22523	173
227	22524	324
228	22525	610
229	22526	163
230	22527	555
231	22528	998
232	22529	282
233	22530	229
234	22531	443
235	22532	114
236	22533	395
237	22534	736
238	22535	201
239	22536	199
240	22537	385
241	22538	99
242	22539	340
243	22540	640
244	22541	173
245	22542	324
246	22543	610
247	22544	163
248	22545	555
249	22546	998
250	22547	282
251	22548	229
252	22549	443
253	22550	114
254	22551	395
255	22552	736
256	22553	201
257	22554	199
258	22555	385
259	22556	99
260	22557	340
261	22558	640
262	22559	173
263	22560	324
264	22561	610
265	22562	163
266	22563	555
267	22564	998
268	22565	282
269	22566	229
270	22567	443
271	22568	114
272	22569	395
273	22570	736
274	22571	201
275	22572	199
276	22573	385
277	22574	99
278	22575	340
279	22576	640
280	22577	173
281	22578	324
282	22579	610
283	22580	163
284	22581	555
285	22582	998
286	22583	282
287	22584	229
288	22585	443
289	22586	114
290	22587	395
291	22588	736
292	22589	201
293	22590	199
294	22591	385
295	22592	99
296	22593	340
297	22594	640
298	22595	173
299	22596	324
300	22597	610
301	22598	163
302	22599	555
303	22600	998
304	22601	282
305	22602	229
306	22603	443
307	22604	114
308	22605	395
309	22606	736
310	22607	201
311	22608	199
312	22609	385
313	22610	99
314	22611	340
315	22612	640
316	22613	173
317	22614	324
318	22615	610
319	22616	163
320	22617	555
321	22618	998
322	22619	282
323	22620	229
324	22621	443
325	22622	114
326	22623	395
327	22624	736
328	22625	201
329	22626	199
330	22627	385
331	22628	99
332	22629	340
333	22630	640
334	22631	173
335	22632	324
336	22633	610
337	22634	163
338	22635	555
339	22636	998
340	22637	282
341	22638	229
342	22639	443
343	22640	114
344	22641	395
345	22642	736
346	22643	201
347	22644	199
348	22645	385
349	22646	99
350	22647	340
351	22648	640
352	22649	173
353	22650	324
354	22651	610
355	22652	163
356	22653	555
357	22654	998
358	22655	282
359	22656	229
360	22657	443
361	22658	114
362	22659	395
363	22660	736
364	22661	201
365	22662	199
366	22663	385
367	22664	99
368	22665	340
369	22666	640
370	22667	173
371	22668	324
372	22669	610
373	22670	163
374	22671	555
375	22672	998
376	22673	282
377	22674	229
378	22675	443
379	22676	114
380	22677	395
381	22678	736
382	22679	201
383	22680	199
384	22681	385
385	22682	99
386	22683	340
387	22684	640
388	22685	173
389	22686	324
390	22687	610
391	22688	163
392	22689	555
393	22690	998
394	22691	282
395	22692	229
396	22693	443
397	22694	114
398	22695	395
399	22696	736
400	22697	201
401	22698	199
402	22699	385
403	22700	99
404	22701	340
405	22702	640
406	22703	173
407	22704	324
408	22705	610
409	22706	163
410	22707	555
411	22708	998
412	22709	282
413	22710	229
414	22711	443
415	22712	114
416	22713	395
417	22714	736
418	22715	201
419	22716	199
420	22717	385
421	22718	99
422	22719	340
423	22720	640
424	22721	173
425	22722	324
426	22723	610
427	22724	163
428	22725	555
429	22726	998
430	22727	282
431	22728	229
432	22729	443
433	22730	114
434	22731	395
435	22732	736
436	22733	201
437	22734	199
438	22735	385
439	22736	99
440	22737	340
441	22738	640
442	22739	173
443	22740	324
444	22741	610
445	22742	163
446	22743	555
447	22744	998
448	22745	282
449	22746	229
450	22747	443
451	22748	114
452	22749	395
453	22750	736
454	22751	201
455	22752	199
456	22753	385
457	22754	99
458	22755	340
459	22756	640
460	22757	173
461	22758	324
462	22759	610
463	22760	163
464	22761	555
465	22762	998
466	22763	282
467	22764	229
468	22765	443
469	22766	114
470	22767	395
471	22768	736
472	22769	201
473	22770	199
474	22771	385
475	22772	99
476	22773	340
477	22774	640
478	22775	173
479	22776	324
480	22777	610
481	22778	163
482	22779	555
483	22780	998
484	22781	282
485	22782	229
486	22783	443
487	22784	114
488	22785	395
489	22786	736
490	22787	201
491	22788	199
492	22789	385
493	22790	99
494	22791	340
495	22792	640
496	22793	173
497	22794	324
498	22795	610
499	22796	163
500	22797	555
501	22798	998
502	22799	282
503	22800	229
504	22801	443
505	22802	114
506	22803	395
507	22804	736
508	22805	201
509	22806	199
510	22807	385
511	22808	99
512	22809	340
513	22810	640
514	22811	173
515	22812	324
516	22813	610
517	22814	163
518	22815	555
519	22816	998
520	22817	282
521	22818	229
522	22819	443
523	22820	114
524	22821	395
525	22822	736
526	22823	201
527	22824	199
528	22825	385
529	22826	99
530	22827	340
531	22828	640
532	22829	173
533	22830	324
534	22831	610
535	22832	163
536	22833	555
537	22834	998
538	22835	282
539	22836	229
540	22837	443
541	22838	114
542	22839	395
543	22840	736
544	22841	201
545	22842	199
546	22843	385
547	22844	99
548	22845	340
549	22846	640
550	22847	173
551	22848	324
552	22849	610
553	22850	163
554	22851	555
555	22852	998
556	22853	282
557	22854	229
558	22855	443
559	22856	114
560	22857	395
561	22858	736
562	22859	201
563	22860	199
564	22861	385
565	22862	99
566	22863	340
567	22864	640
568	22865	173
569	22866	324
570	22867	610
571	22868	163
572	22869	555
573	22870	998
574	22871	282
575	22872	229
576	22873	443
577	22874	114
578	22875	395
579	22876	736
580	22877	201
581	22878	199
582	22879	385
583	22880	99
584	22881	340
585	22882	640
586	22883	173
587	22884	324
588	22885	610
589	22886	163
590	22887	555
591	22888	998
592	22889	282
593	22890	229
594	22891	443
595	22892	114
596	22893	395
597	22894	736
598	22895	201
599	22896	199
600	22897	385
601	22898	99
602	22899	340
603	22900	640
604	22901	173
605	22902	324
606	22903	610
607	22904	163
608	22905	555
609	22906	998
610	22907	282
611	22908	229
612	22909	443
613	22910	114
614	22911	395
615	22912	736
616	22913	201
617	22914	199
618	22915	385
619	22916	99
620	22917	340
621	22918	640
622	22919	173
623	22920	324
624	22921	610
625	22922	163
626	22923	555
627	22924	998
628	22925	282
629	22926	229
630	22927	443
631	22928	114
632	22929	395
633	22930	736
634	22931	201
635	22932	199
636	22933	385
637	22934	99
638	22935	340
639	22936	640
640	22937	173
641	22938	324
642	22939	610
643	22940	163
644	22941	555
645	22942	998
646	22943	282
647	22944	229
648	22945	443
649	22946	114
650	22947	395
651	22948	736
652	22949	201
653	22950	199
654	22951	385
655	22952	99
656	22953	340
657	22954	640
658	22955	173
659	22956	324
660	22957	610
661	22958	163
662	22959	555
663	22960	998
664	22961	282
665	22962	229
666	22963	443
667	22964	114
668	22965	395
669	22966	736
670	22967	201
671	22968	199
672	22969	385
673	22970	99
674	22971	340
675	22972	640
676	22973	173
677	22974	324
678	22975	610
679	22976	163
680	22977	555
681	22978	998
682	22979	282
683	22980	229
684	22981	443
685	22982	114
686	22983	395
687	22984	736
688	22985	201
689	22986	199
690	22987	385
691	22988	99
692	22989	340
693	22990	640
694	22991	173
695	22992	324
696	22993	610
697	22994	163
698	22995	555
699	22996	998
700	22997	282
701	22998	229
702	22999	443
703	23000	114
704	23001	395
705	23002	736
706	23003	201
707	23004	199
708	23005	385
709	23006	99
710	23007	340
711	23008	640
712	23009	173
713	23010	324
714	23011	610
715	23012	163
716	23013	555
717	23014	998
718	23015	282
719	23016	229
720	23017	443
721	23018	114
722	23019	395
723	23020	736
724	23021	201
725	23022	199
726	23023	385
727	23024	99
728	23025	340
729	23026	640
730	23027	173
731	23028	324
732	23029	610
733	23030	163
734	23031	555
735	23032	998
736	23033	282
737	23034	229
738	23035	443
739	23036	114
740	23037	395
741	23038	736
742	23039	201
743	23040	199
744	23041	385
745	23042	99
746	23043	340
747	23044	640
748	23045	173
749	23046	324
750	23047	610
751	23048	163
752	23049	555
753	23050	998
754	23051	282
755	23052	229
756	23053	443
757	23054	114
758	23055	395
759	23056	736
760	23057	201
761	23058	199
762	23059	385
763	23060	99
764	23061	340
765	23062	640
766	23063	173
767	23064	324
768	23065	610
769	23066	163
770	23067	555
771	23068	998
772	23069	282
773	23070	229
774	23071	443
775	23072	114
776	23073	395
777	23074	736
778	23075	201
779	23076	199
780	23077	385
781	23078	99
782	23079	340
783	23080	640
784	23081	173
785	23082	324
786	23083	610
787	23084	163
788	23085	555
789	23086	998
790	23087	282
791	23088	229
792	23089	443
793	23090	114
794	23091	395
795	23092	736
796	23093	201
797	23094	199
798	23095	385
799	23096	99
800	23097	340
801	23098	640
802	23099	173
803	23100	324
804	23101	610
805	23102	163
806	23103	555
807	23104	998
808	23105	282
809	23106	229
810	23107	443
811	23108	114
812	23109	395
813	23110	736
814	23111	201
815	23112	199
816	23113	385
817	23114	99
818	23115	340
819	23116	640
820	23117	173
821	23118	324
822	23119	610
823	23120	163
824	23121	555
825	23122	998
826	23123	282
827	23124	229
828	23125	443
829	23126	114
830	23127	395
831	23128	736
832	23129	201
833	23130	199
834	23131	385
835	23132	99
836	23133	340
837	23134	640
838	23135	173
839	23136	324
840	23137	610
841	23138	163
842	23139	555
843	23140	998
844	23141	282
845	23142	229
846	23143	443
847	23144	114
848	23145	395
849	23146	736
850	23147	201
851	23148	199
852	23149	385
853	23150	99
854	23151	340
855	23152	640
856	23153	173
857	23154	324
858	23155	610
859	23156	163
860	23157	555
861	23158	998
862	23159	282
863	23160	229
864	23161	443
865	23162	114
866	23163	395
867	23164	736
868	23165	201
869	23166	199
870	23167	385
871	23168	99
872	23169	340
873	23170	640
874	23171	173
875	23172	324
876	23173	610
877	23174	163
878	23175	555
879	23176	998
880	23177	282
881	23178	229
882	23179	443
883	23180	114
884	23181	395
885	23182	736
886	23183	201
887	23184	199
888	23185	385
889	23186	99
890	23187	340
891	23188	640
892	23189	173
893	23190	324
894	23191	610
895	23192	163
896	23193	555
897	23194	998
898	23195	282
899	23196	229
900	23197	443
901	23198	114
902	23199	395
903	23200	736
904	23201	201
905	23202	199
906	23203	385
907	23204	99
908	23205	340
909	23206	640
910	23207	173
911	23208	324
912	23209	610
913	23210	163
914	23211	555
915	23212	998
916	23213	282
917	23214	229
918	23215	443
919	23216	114
920	23217	395
921	23218	736
922	23219	201
923	23220	199
924	23221	385
925	23222	99
926	23223	340
927	23224	640
928	23225	173
929	23226	324
930	23227	610
931	23228	163
932	23229	555
933	23230	998
934	23231	282
935	23232	229
936	23233	443
937	23234	114
938	23235	395
939	23236	736
940	23237	201
941	23238	199
942	23239	385
943	23240	99
944	23241	340
945	23242	640
946	23243	173
947	23244	324
948	23245	610
949	23246	163
950	23247	555
951	23248	998
952	23249	282
953	23250	229
954	23251	443
955	23252	114
956	23253	395
957	23254	736
958	23255	201
959	23256	199
960	23257	385
961	23258	99
962	23259	340
963	23260	640
964	23261	173
965	23262	324
966	23263	610
967	23264	163
968	23265	555
969	23266	998
970	23267	282
971	23268	229
972	23269	443
973	23270	114
974	23271	395
975	23272	736
976	23273	201
977	23274	199
978	23275	385
979	23276	99
980	23277	340
981	23278	640
982	23279	173
983	23280	324
984	23281	610
985	23282	163
986	23283	555
987	23284	998
988	23285	282
989	23286	229
990	23287	443
991	23288	114
992	23289	395
993	23290	736
994	23291	201
995	23292	199
996	23293	385
997	23294	99
998	23295	340
999	23296	640
1000	23297	173
1001	23298	324
1002	23299	610
1003	23300	163
1004	23301	555
1005	23302	998
1006	23303	282
1007	23304	229
1008	23305	443
1009	23306	114
1010	23307	395
1011	23308	736
1012	23309	201
1013	23310	199
1014	23311	385
1015	23312	99
1016	23313	340
1017	23314	640
1018	23315	173
1019	23316	324
1020	23317	610
1021	23318	163
1022	23319	555
1023	23320	998
1024	23321	282
1025	23322	229
1026	23323	443
1027	23324	114
1028	23325	395
1029	23326	736
1030	23327	201
1031	23328	199
1032	23329	385
1033	23330	99
1034	23331	340
1035	23332	640
1036	23333	173
1037	23334	324
1038	23335	610
1039	23336	163
1040	23337	555
1041	23338	998
1042	23339	282
1043	23340	229
1044	23341	443
1045	23342	114
1046	23343	395
1047	23344	736
1048	23345	201
1049	23346	199
1050	23347	385
1051	23348	99
1052	23349	340
1053	23350	640
1054	23351	173
1055	23352	324
1056	23353	610
1057	23354	163
1058	23355	555
1059	23356	998
1060	23357	282
1061	23358	229
1062	23359	443
1063	23360	114
1064	23361	395
1065	23362	736
1066	23363	201
1067	23364	199
1068	23365	385
1069	23366	99
1070	23367	340
1071	23368	640
1072	23369	173
1073	23370	324
1074	23371	610
1075	23372	163
1076	23373	555
1077	23374	998
1078	23375	282
1079	23376	229
1080	23377	443
1081	23378	114
1082	23379	395
1083	23380	736
1084	23381	201
1085	23382	199
1086	23383	385
1087	23384	99
1088	23385	340
1089	23386	640
1090	23387	173
1091	23388	324
1092	23389	610
1093	23390	163
1094	23391	555
1095	23392	998
1096	23393	282
1097	23394	229
1098	23395	443
1099	23396	114
1100	23397	395
1101	23398	736
1102	23399	201
1103	23400	199
1104	23401	385
1105	23402	99
1106	23403	340
1107	23404	640
1108	23405	173
1109	23406	324
1110	23407	610
1111	23408	163
1112	23409	555
1113	23410	998
1114	23411	282
1115	23412	229
1116	23413	443
1117	23414	114
1118	23415	395
1119	23416	736
1120	23417	201
1121	23418	199
1122	23419	385
1123	23420	99
1124	23421	340
1125	23422	640
1126	23423	173
1127	23424	324
1128	23425	610
1129	23426	163
1130	23427	555
1131	23428	998
1132	23429	282
1133	23430	229
1134	23431	443
1135	23432	114
1136	23433	395
1137	23434	736
1138	23435	201
1139	23436	199
1140	23437	385
1141	23438	99
1142	23439	340
1143	23440	640
1144	23441	173
1145	23442	324
1146	23443	610
1147	23444	163
1148	23445	555
1149	23446	998
1150	23447	282
1151	23448	229
1152	23449	443
1153	23450	114
1154	23451	395
1155	23452	736
1156	23453	201
1157	23454	199
1158	23455	385
1159	23456	99
1160	23457	340
1161	23458	640
1162	23459	173
1163	23460	324
1164	23461	610
1165	23462	163
1166	23463	555
1167	23464	998
1168	23465	282
1169	23466	229
1170	23467	443
1171	23468	114
1172	23469	395
1173	23470	736
1174	23471	201
1175	23472	199
1176	23473	385
1177	23474	99
1178	23475	340
1179	23476	640
1180	23477	173
1181	23478	324
1182	23479	610
1183	23480	163
1184	23481	555
1185	23482	998
1186	23483	282
1187	23484	229
1188	23485	443
1189	23486	114
1190	23487	395
1191	23488	736
1192	23489	201
1193	23490	199
1194	23491	385
1195	23492	99
1196	23493	340
1197	23494	640
1198	23495	173
1199	23496	324
1200	23497	610
1201	23498	163
1202	23499	555
1203	23500	998
1204	23501	282
1205	23502	229
1206	23503	443
1207	23504	114
1208	23505	395
1209	23506	736
1210	23507	201
1211	23508	199
1212	23509	385
1213	23510	99
1214	23511	340
1215	23512	640
1216	23513	173
1217	23514	324
1218	23515	610
1219	23516	163
1220	23517	555
1221	23518	998
1222	23519	282
1223	23520	229
1224	23521	443
1225	23522	114
1226	23523	395
1227	23524	736
1228	23525	201
1229	23526	199
1230	23527	385
1231	23528	99
1232	23529	340
1233	23530	640
1234	23531	173
1235	23532	324
1236	23533	610
1237	23534	163
1238	23535	555
1239	23536	998
1240	23537	282
1241	23538	229
1242	23539	443
1243	23540	114
1244	23541	395
1245	23542	736
1246	23543	201
1247	23544	199
1248	23545	385
1249	23546	99
1250	23547	340
1251	23548	640
1252	23549	173
1253	23550	324
1254	23551	610
1255	23552	163
1256	23553	555
1257	23554	998
1258	23555	282
1259	23556	229
1260	23557	443
1261	23558	114
1262	23559	395
1263	23560	736
1264	23561	201
1265	23562	199
1266	23563	385
1267	23564	99
1268	23565	340
1269	23566	640
1270	23567	173
1271	23568	324
1272	23569	610
1273	23570	163
1274	23571	555
1275	23572	998
1276	23573	282
1277	23574	229
1278	23575	443
1279	23576	114
1280	23577	395
1281	23578	736
1282	23579	201
1283	23580	199
1284	23581	385
1285	23582	99
1286	23583	340
1287	23584	640
1288	23585	173
1289	23586	324
1290	23587	610
1291	23588	163
1292	23589	555
1293	23590	998
1294	23591	282
1295	23592	229
1296	23593	443
1297	23594	114
1298	23595	395
1299	23596	736
1300	23597	201
1301	23598	199
1302	23599	385
1303	23600	99
1304	23601	340
1305	23602	640
1306	23603	173
1307	23604	324
1308	23605	610
1309	23606	163
1310	23607	555
1311	23608	998
1312	23609	282
1313	23610	229
1314	23611	443
1315	23612	114
1316	23613	395
1317	23614	736
1318	23615	201
1319	23616	199
1320	23617	385
1321	23618	99
1322	23619	340
1323	23620	640
1324	23621	173
1325	23622	324
1326	23623	610
1327	23624	163
1328	23625	555
1329	23626	998
1330	23627	282
1331	23628	229
1332	23629	443
1333	23630	114
1334	23631	395
1335	23632	736
1336	23633	201
1337	23634	199
1338	23635	385
1339	23636	99
1340	23637	340
1341	23638	640
1342	23639	173
1343	23640	324
1344	23641	610
1345	23642	163
1346	23643	555
1347	23644	998
1348	23645	282
1349	23646	229
1350	23647	443
1351	23648	114
1352	23649	395
1353	23650	736
1354	23651	201
1355	23652	199
1356	23653	385
1357	23654	99
1358	23655	340
1359	23656	640
1360	23657	173
1361	23658	324
1362	23659	610
1363	23660	163
1364	23661	555
1365	23662	998
1366	23663	282
1367	23664	229
1368	23665	443
1369	23666	114
1370	23667	395
1371	23668	736
1372	23669	201
1373	23670	199
1374	23671	385
1375	23672	99
1376	23673	340
1377	23674	640
1378	23675	173
1379	23676	324
1380	23677	610
1381	23678	163
1382	23679	555
1383	23680	998
1384	23681	282
1385	23682	229
1386	23683	443
1387	23684	114
1388	23685	395
1389	23686	736
1390	23687	201
1391	23688	199
1392	23689	385
1393	23690	99
1394	23691	340
1395	23692	640
1396	23693	173
1397	23694	324
1398	23695	610
1399	23696	163
1400	23697	555
1401	23698	998
1402	23699	282
1403	23700	229
1404	23701	443
1405	23702	114
1406	23703	395
1407	23704	736
1408	23705	201
1409	23706	199
1410	23707	385
1411	23708	99
1412	23709	340
1413	23710	640
1414	23711	173
1415	23712	324
1416	23713	610
1417	23714	163
1418	23715	555
1419	23716	998
1420	23717	282
1421	23718	229
1422	23719	443
1423	23720	114
1424	23721	395
1425	23722	736
1426	23723	201
1427	23724	199
1428	23725	385
1429	23726	99
1430	23727	340
1431	23728	640
1432	23729	173
1433	23730	324
1434	23731	610
1435	23732	163
1436	23733	555
1437	23734	998
1438	23735	282
1439	23736	229
1440	23737	443
1441	23738	114
1442	23739	395
1443	23740	736
1444	23741	201
1445	23742	199
1446	23743	385
1447	23744	99
1448	23745	340
1449	23746	640
1450	23747	173
1451	23748	324
1452	23749	610
1453	23750	163
1454	23751	555
1455	23752	998
1456	23753	282
1457	23754	229
1458	23755	443
1459	23756	114
1460	23757	395
1461	23758	736
1462	23759	201
1463	23760	199
1464	23761	385
1465	23762	99
1466	23763	340
1467	23764	640
1468	23765	173
1469	23766	324
1470	23767	610
1471	23768	163
1472	23769	555
1473	23770	998
1474	23771	282
1475	23772	229
1476	23773	443
1477	23774	114
1478	23775	395
1479	23776	736
1480	23777	201
1481	23778	199
1482	23779	385
1483	23780	99
1484	23781	340
1485	23782	640
1486	23783	173
1487	23784	324
1488	23785	610
1489	23786	163
1490	23787	555
1491	23788	998
1492	23789	282
1493	23790	229
1494	23791	443
1495	23792	114
1496	23793	395
1497	23794	736
1498	23795	201
1499	23796	199
1500	23797	385
1501	23798	99
1502	23799	340
1503	23800	640
1504	23801	173
1505	23802	324
1506	23803	610
1507	23804	163
1508	23805	555
1509	23806	998
1510	23807	282
1511	23808	229
1512	23809	443
1513	23810	114
1514	23811	395
1515	23812	736
1516	23813	201
1517	23814	199
1518	23815	385
1519	23816	99
1520	23817	340
1521	23818	640
1522	23819	173
1523	23820	324
1524	23821	610
1525	23822	163
1526	23823	555
1527	23824	998
1528	23825	282
1529	23826	229
1530	23827	443
1531	23828	114
1532	23829	395
1533	23830	736
1534	23831	201
1535	23832	199
1536	23833	385
1537	23834	99
1538	23835	340
1539	23836	640
1540	23837	173
1541	23838	324
1542	23839	610
1543	23840	163
1544	23841	555
1545	23842	998
1546	23843	282
1547	23844	229
1548	23845	443
1549	23846	114
1550	23847	395
1551	23848	736
1552	23849	201
1553	23850	199
1554	23851	385
1555	23852	99
1556	23853	340
1557	23854	640
1558	23855	173
1559	23856	324
1560	23857	610
1561	23858	163
1562	23859	555
1563	23860	998
1564	23861	282
1565	23862	229
1566	23863	443
1567	23864	114
1568	23865	395
1569	23866	736
1570	23867	201
1571	23868	199
1572	23869	385
1573	23870	99
1574	23871	340
1575	23872	640
1576	23873	173
1577	23874	324
1578	23875	610
1579	23876	163
1580	23877	555
1581	23878	998
1582	23879	282
1583	23880	229
1584	23881	443
1585	23882	114
1586	23883	395
1587	23884	736
1588	23885	201
1589	23886	199
1590	23887	385
1591	23888	99
1592	23889	340
1593	23890	640
1594	23891	173
1595	23892	324
1596	23893	610
1597	23894	163
1598	23895	555
1599	23896	998
1600	23897	282
1601	23898	229
1602	23899	443
1603	23900	114
1604	23901	395
1605	23902	736
1606	23903	201
1607	23904	199
1608	23905	385
1609	23906	99
1610	23907	340
1611	23908	640
1612	23909	173
1613	23910	324
1614	23911	610
1615	23912	163
1616	23913	555
1617	23914	998
1618	23915	282
1619	23916	229
1620	23917	443
1621	23918	114
1622	23919	395
1623	23920	736
1624	23921	201
1625	23922	199
1626	23923	385
1627	23924	99
1628	23925	340
1629	23926	640
1630	23927	173
1631	23928	324
1632	23929	610
1633	23930	163
1634	23931	555
1635	23932	998
1636	23933	282
1637	23934	229
1638	23935	443
1639	23936	114
1640	23937	395
1641	23938	736
1642	23939	201
1643	23940	199
1644	23941	385
1645	23942	99
1646	23943	340
1647	23944	640
1648	23945	173
1649	23946	324
1650	23947	610
1651	23948	163
1652	23949	555
1653	23950	998
1654	23951	282
1655	23952	229
1656	23953	443
1657	23954	114
1658	23955	395
1659	23956	736
1660	23957	201
1661	23958	199
1662	23959	385
1663	23960	99
1664	23961	340
1665	23962	640
1666	23963	173
1667	23964	324
1668	23965	610
1669	23966	163
1670	23967	555
1671	23968	998
1672	23969	282
1673	23970	229
1674	23971	443
1675	23972	114
1676	23973	395
1677	23974	736
1678	23975	201
1679	23976	199
1680	23977	385
1681	23978	99
1682	23979	340
1683	23980	640
1684	23981	173
1685	23982	324
1686	23983	610
1687	23984	163
1688	23985	555
1689	23986	998
1690	23987	282
1691	23988	229
1692	23989	443
1693	23990	114
1694	23991	395
1695	23992	736
1696	23993	201
1697	23994	199
1698	23995	385
1699	23996	99
1700	23997	340
1701	23998	640
1702	23999	173
1703	24000	324
1704	24001	610
1705	24002	163
1706	24003	555
1707	24004	998
1708	24005	282
1709	24006	229
1710	24007	443
1711	24008	114
1712	24009	395
1713	24010	736
1714	24011	201
1715	24012	199
1716	24013	385
1717	24014	99
1718	24015	340
1719	24016	640
1720	24017	173
1721	24018	324
1722	24019	610
1723	24020	163
1724	24021	555
1725	24022	998
1726	24023	282
1727	24024	229
1728	24025	443
1729	24026	114
1730	24027	395
1731	24028	736
1732	24029	201
1733	24030	199
1734	24031	385
1735	24032	99
1736	24033	340
1737	24034	640
1738	24035	173
1739	24036	324
1740	24037	610
1741	24038	163
1742	24039	555
1743	24040	998
1744	24041	282
1745	24042	229
1746	24043	443
1747	24044	114
1748	24045	395
1749	24046	736
1750	24047	201
1751	24048	199
1752	24049	385
1753	24050	99
1754	24051	340
1755	24052	640
1756	24053	173
1757	24054	324
1758	24055	610
1759	24056	163
1760	24057	555
1761	24058	998
1762	24059	282
1763	24060	229
1764	24061	443
1765	24062	114
1766	24063	395
1767	24064	736
1768	24065	201
1769	24066	199
1770	24067	385
1771	24068	99
1772	24069	340
1773	24070	640
1774	24071	173
1775	24072	324
1776	24073	610
1777	24074	163
1778	24075	555
1779	24076	998
1780	24077	282
1781	24078	229
1782	24079	443
1783	24080	114
1784	24081	395
1785	24082	736
1786	24083	201
1787	24084	199
1788	24085	385
1789	24086	99
1790	24087	340
1791	24088	640
1792	24089	173
1793	24090	324
1794	24091	610
1795	24092	163
1796	24093	555
1797	24094	998
1798	24095	282
1799	24096	229
1800	24097	443
1801	24098	114
1802	24099	395
1803	24100	736
1804	24101	201
1805	24102	199
1806	24103	385
1807	24104	99
1808	24105	340
1809	24106	640
1810	24107	173
1811	24108	324
1812	24109	610
1813	24110	163
1814	24111	555
1815	24112	998
1816	24113	282
1817	24114	229
1818	24115	443
1819	24116	114
1820	24117	395
1821	24118	736
1822	24119	201
1823	24120	199
1824	24121	385
1825	24122	99
1826	24123	340
1827	24124	640
1828	24125	173
1829	24126	324
1830	24127	610
1831	24128	163
1832	24129	555
1833	24130	998
1834	24131	282
1835	24132	229
1836	24133	443
1837	24134	114
1838	24135	395
1839	24136	736
1840	24137	201
1841	24138	199
1842	24139	385
1843	24140	99
1844	24141	340
1845	24142	640
1846	24143	173
1847	24144	324
1848	24145	610
1849	24146	163
1850	24147	555
1851	24148	998
1852	24149	282
1853	24150	229
1854	24151	443
1855	24152	114
1856	24153	395
1857	24154	736
1858	24155	201
1859	24156	199
1860	24157	385
1861	24158	99
1862	24159	340
1863	24160	640
1864	24161	173
1865	24162	324
1866	24163	610
1867	24164	163
1868	24165	555
1869	24166	998
1870	24167	282
1871	24168	229
1872	24169	443
1873	24170	114
1874	24171	395
1875	24172	736
1876	24173	201
1877	24174	199
1878	24175	385
1879	24176	99
1880	24177	340
1881	24178	640
1882	24179	173
1883	24180	324
1884	24181	610
1885	24182	163
1886	24183	555
1887	24184	998
1888	24185	282
1889	24186	229
1890	24187	443
1891	24188	114
1892	24189	395
1893	24190	736
1894	24191	201
1895	24192	199
1896	24193	385
1897	24194	99
1898	24195	340
1899	24196	640
1900	24197	173
1901	24198	324
1902	24199	610
1903	24200	163
1904	24201	555
1905	24202	998
1906	24203	282
1907	24204	229
1908	24205	443
1909	24206	114
1910	24207	395
1911	24208	736
1912	24209	201
1913	24210	199
1914	24211	385
1915	24212	99
1916	24213	340
1917	24214	640
1918	24215	173
1919	24216	324
1920	24217	610
1921	24218	163
1922	24219	555
1923	24220	998
1924	24221	282
1925	24222	229
1926	24223	443
1927	24224	114
1928	24225	395
1929	24226	736
1930	24227	201
1931	24228	199
1932	24229	385
1933	24230	99
1934	24231	340
1935	24232	640
1936	24233	173
1937	24234	324
1938	24235	610
1939	24236	163
1940	24237	555
1941	24238	998
1942	24239	282
1943	24240	229
1944	24241	443
1945	24242	114
1946	24243	395
1947	24244	736
1948	24245	201
1949	24246	199
1950	24247	385
1951	24248	99
1952	24249	340
1953	24250	640
1954	24251	173
1955	24252	324
1956	24253	610
1957	24254	163
1958	24255	555
1959	24256	998
1960	24257	282
1961	24258	229
1962	24259	443
1963	24260	114
1964	24261	395
1965	24262	736
1966	24263	201
1967	24264	199
1968	24265	385
1969	24266	99
1970	24267	340
1971	24268	640
1972	24269	173
1973	24270	324
1974	24271	610
1975	24272	163
1976	24273	555
1977	24274	998
1978	24275	282
1979	24276	229
1980	24277	443
1981	24278	114
1982	24279	395
1983	24280	736
1984	24281	201
1985	24282	199
1986	24283	385
1987	24284	99
1988	24285	340
1989	24286	640
1990	24287	173
1991	24288	324
1992	24289	610
1993	24290	163
1994	24291	555
1995	24292	998
1996	24293	282
1997	24294	229
1998	24295	443
1999	24296	114
2000	24297	395
2001	24298	736
2002	24299	201
2003	24300	199
2004	24301	385
2005	24302	99
2006	24303	340
2007	24304	640
2008	24305	173
2009	24306	324
2010	24307	610
2011	24308	163
2012	24309	555
2013	24310	998
2014	24311	282
2015	24312	229
2016	24313	443
2017	24314	114
2018	24315	395
2019	24316	736
2020	24317	201
2021	24318	199
2022	24319	385
2023	24320	99
2024	24321	340
2025	24322	640
2026	24323	173
2027	24324	324
2028	24325	610
2029	24326	163
2030	24327	555
2031	24328	998
2032	24329	282
2033	24330	229
2034	24331	443
2035	24332	114
2036	24333	395
2037	24334	736
2038	24335	201
2039	24336	199
2040	24337	385
2041	24338	99
2042	24339	340
2043	24340	640
2044	24341	173
2045	24342	324
2046	24343	610
2047	24344	163
2048	24345	555
2049	24346	998
2050	24347	282
2051	24348	229
2052	24349	443
2053	24350	114
2054	24351	395
2055	24352	736
2056	24353	201
2057	24354	199
2058	24355	385
2059	24356	99
2060	24357	340
2061	24358	640
2062	24359	173
2063	24360	324
2064	24361	610
2065	24362	163
2066	24363	555
2067	24364	998
2068	24365	282
2069	24366	229
2070	24367	443
2071	24368	114
2072	24369	395
2073	24370	736
2074	24371	201
2075	24372	199
2076	24373	385
2077	24374	99
2078	24375	340
2079	24376	640
2080	24377	173
2081	24378	324
2082	24379	610
2083	24380	163
2084	24381	555
2085	24382	998
2086	24383	282
2087	24384	229
2088	24385	443
2089	24386	114
2090	24387	395
2091	24388	736
2092	24389	201
2093	24390	199
2094	24391	385
2095	24392	99
2096	24393	340
2097	24394	640
2098	24395	173
2099	24396	324
2100	24397	610
2101	24398	163
2102	24399	555
2103	24400	998
2104	24401	282
2105	24402	229
2106	24403	443
2107	24404	114
2108	24405	395
2109	24406	736
2110	24407	201
2111	24408	199
2112	24409	385
2113	24410	99
2114	24411	340
2115	24412	640
2116	24413	173
2117	24414	324
2118	24415	610
2119	24416	163
2120	24417	555
2121	24418	998
2122	24419	282
2123	24420	229
2124	24421	443
2125	24422	114
2126	24423	395
2127	24424	736
2128	24425	201
2129	24426	199
2130	24427	385
2131	24428	99
2132	24429	340
2133	24430	640
2134	24431	173
2135	24432	324
2136	24433	610
2137	24434	163
2138	24435	555
2139	24436	998
2140	24437	282
2141	24438	229
2142	24439	443
2143	24440	114
2144	24441	395
2145	24442	736
2146	24443	201
2147	24444	199
2148	24445	385
2149	24446	99
2150	24447	340
2151	24448	640
2152	24449	173
2153	24450	324
2154	24451	610
2155	24452	163
2156	24453	555
2157	24454	998
2158	24455	282
2159	24456	229
2160	24457	443
2161	24458	114
2162	24459	395
2163	24460	736
2164	24461	201
2165	24462	199
2166	24463	385
2167	24464	99
2168	24465	340
2169	24466	640
2170	24467	173
2171	24468	324
2172	24469	610
2173	24470	163
2174	24471	555
2175	24472	998
2176	24473	282
2177	24474	229
2178	24475	443
2179	24476	114
2180	24477	395
2181	24478	736
2182	24479	201
2183	24480	199
2184	24481	385
2185	24482	99
2186	24483	340
2187	24484	640
2188	24485	173
2189	24486	324
2190	24487	610
2191	24488	163
2192	24489	555
2193	24490	998
2194	24491	282
2195	24492	229
2196	24493	443
2197	24494	114
2198	24495	395
2199	24496	736
2200	24497	201
2201	24498	199
2202	24499	385
2203	24500	99
2204	24501	340
2205	24502	640
2206	24503	173
2207	24504	324
2208	24505	610
2209	24506	163
2210	24507	555
2211	24508	998
2212	24509	282
2213	24510	229
2214	24511	443
2215	24512	114
2216	24513	395
2217	24514	736
2218	24515	201
2219	24516	199
2220	24517	385
2221	24518	99
2222	24519	340
2223	24520	640
2224	24521	173
2225	24522	324
2226	24523	610
2227	24524	163
2228	24525	555
2229	24526	998
2230	24527	282
2231	24528	229
2232	24529	443
2233	24530	114
2234	24531	395
2235	24532	736
2236	24533	201
2237	24534	199
2238	24535	385
2239	24536	99
2240	24537	340
2241	24538	640
2242	24539	173
2243	24540	324
2244	24541	610
2245	24542	163
2246	24543	555
2247	24544	998
2248	24545	282
2249	24546	229
2250	24547	443
2251	24548	114
2252	24549	395
2253	24550	736
2254	24551	201
2255	24552	199
2256	24553	385
2257	24554	99
2258	24555	340
2259	24556	640
2260	24557	173
2261	24558	324
2262	24559	610
2263	24560	163
2264	24561	555
2265	24562	998
2266	24563	282
2267	24564	229
2268	24565	443
2269	24566	114
2270	24567	395
2271	24568	736
2272	24569	201
2273	24570	199
2274	24571	385
2275	24572	99
2276	24573	340
2277	24574	640
2278	24575	173
2279	24576	324
2280	24577	610
2281	24578	163
2282	24579	555
2283	24580	998
2284	24581	282
2285	24582	229
2286	24583	443
2287	24584	114
2288	24585	395
2289	24586	736
2290	24587	201
2291	24588	199
2292	24590	99
2293	24591	340
2294	24592	640
2295	24593	173
2296	24594	324
2297	24595	610
2298	24596	163
2299	24597	555
2300	24598	998
2301	24599	282
2302	24600	229
2303	24601	443
2304	24602	114
2305	24603	395
2306	24604	736
2307	24605	201
2308	24606	199
2309	24607	385
2310	24608	99
2311	24609	340
2312	24610	640
2313	24611	173
2314	24612	324
2315	24613	610
2316	24614	163
2317	24615	555
2318	24616	998
2319	24617	282
2320	24618	229
2321	24619	443
2322	24620	114
2323	24621	395
2324	24622	736
2325	24623	201
2326	24624	199
2327	24625	385
2328	24626	99
2329	24627	340
2330	24628	640
2331	24629	173
2332	24630	324
2333	24631	610
2334	24632	163
2335	24633	555
2336	24634	998
2337	24635	282
2338	24636	229
2339	24637	443
2340	24638	114
2341	24639	395
2342	24640	736
2343	24641	201
2344	24642	199
2345	24643	385
2346	24644	99
2347	24645	340
2348	24646	640
2349	24647	173
2350	24648	324
2351	24649	610
2352	24650	163
2353	24651	555
2354	24652	998
2355	24653	282
2356	24654	229
2357	24655	443
2358	24656	114
2359	24657	395
2360	24658	736
2361	24659	201
2362	24660	199
2363	24661	385
2364	24662	99
2365	24663	340
2366	24664	640
2367	24665	173
2368	24666	324
2369	24667	610
2370	24668	163
2371	24669	555
2372	24670	998
2373	24671	282
2374	24672	229
2375	24673	443
2376	24674	114
2377	24675	395
2378	24676	736
2379	24677	201
2380	24678	199
2381	24679	385
2382	24680	99
2383	24681	340
2384	24682	640
2385	24683	173
2386	24684	324
2387	24685	610
2388	24686	163
2389	24687	555
2390	24688	998
2391	24689	282
2392	24690	229
2393	24691	443
2394	24692	114
2395	24693	395
2396	24694	736
2397	24695	201
2398	24696	199
2399	24697	385
2400	24698	99
2401	24699	340
2402	24700	640
2403	24701	173
2404	24702	324
2405	24703	610
2406	24704	163
2407	24705	555
2408	24706	998
2409	24707	282
2410	24708	229
2411	24709	443
2412	24710	114
2413	24711	395
2414	24712	736
2415	24713	201
2416	24714	199
2417	24715	385
2418	24716	99
2419	24717	340
2420	24718	640
2421	24719	173
2422	24720	324
2423	24721	610
2424	24722	163
2425	24723	555
2426	24724	998
2427	24725	282
2428	24726	229
2429	24727	443
2430	24728	114
2431	24729	395
2432	24730	736
2433	24731	201
2434	24732	199
2435	24733	385
2436	24734	99
2437	24735	340
2438	24736	640
2439	24737	173
2440	24738	324
2441	24739	610
2442	24740	163
2443	24741	555
2444	24742	998
2445	24743	282
2446	24744	229
2447	24745	443
2448	24746	114
2449	24747	395
2450	24748	736
2451	24749	201
2452	24750	199
2453	24751	385
2454	24752	99
2455	24753	340
2456	24754	640
2457	24755	173
2458	24756	324
2459	24757	610
2460	24758	163
2461	24759	555
2462	24760	998
2463	24761	282
2464	24762	229
2465	24763	443
2466	24764	114
2467	24765	395
2468	24766	736
2469	24767	201
2470	24768	199
2471	24769	385
2472	24770	99
2473	24771	340
2474	24772	640
2475	24773	173
2476	24774	324
2477	24775	610
2478	24776	163
2479	24777	555
2480	24778	998
2481	24779	282
2482	24780	229
2483	24781	443
2484	24782	114
2485	24783	395
2486	24784	736
2487	24785	201
2488	24786	199
2489	24787	385
2490	24788	99
2491	24789	340
2492	24790	640
2493	24791	173
2494	24792	324
2495	24793	610
2496	24794	163
2497	24795	555
2498	24796	998
2499	24797	282
2500	24798	229
2501	24799	443
2502	24800	114
2503	24801	395
2504	24802	736
2505	24803	201
2506	24804	199
2507	24805	385
2508	24806	99
2509	24807	340
2510	24808	640
2511	24809	173
2512	24810	324
2513	24811	610
2514	24812	163
2515	24813	555
2516	24814	998
2517	24815	282
2518	24816	229
2519	24817	443
2520	24818	114
2521	24819	395
2522	24820	736
2523	24821	201
2524	24822	199
2525	24823	385
2526	24824	99
2527	24825	340
2528	24826	640
2529	24827	173
2530	24828	324
2531	24829	610
2532	24830	163
2533	24831	555
2534	24832	998
2535	24833	282
2536	24834	229
2537	24835	443
2538	24836	114
2539	24837	395
2540	24838	736
2541	24839	201
2542	24840	199
2543	24841	385
2544	24842	99
2545	24843	340
2546	24844	640
2547	24845	173
2548	24846	324
2549	24847	610
2550	24848	163
2551	24849	555
2552	24850	998
2553	24851	282
2554	24852	229
2555	24853	443
2556	24854	114
2557	24855	395
2558	24856	736
2559	24857	201
2560	24858	199
2561	24859	385
2562	24860	99
2563	24861	340
2564	24862	640
2565	24863	173
2566	24864	324
2567	24865	610
2568	24866	163
2569	24867	555
2570	24868	998
2571	24869	282
2572	24870	229
2573	24871	443
2574	24872	114
2575	24873	395
2576	24874	736
2577	24875	201
2578	24876	199
2579	24877	385
2580	24878	99
2581	24879	340
2582	24880	640
2583	24881	173
2584	24882	324
2585	24883	610
2586	24884	163
2587	24885	555
2588	24886	998
2589	24887	282
2590	24888	229
2591	24889	443
2592	24890	114
2593	24891	395
2594	24892	736
2595	24893	201
2596	24894	199
2597	24895	385
2598	24896	99
2599	24897	340
2600	24898	640
2601	24899	173
2602	24900	324
2603	24901	610
2604	24902	163
2605	24903	555
2606	24904	998
2607	24905	282
2608	24906	229
2609	24907	443
2610	24908	114
2611	24909	395
2612	24910	736
2613	24911	201
2614	24912	199
2615	24913	385
2616	24914	99
2617	24915	340
2618	24916	640
2619	24917	173
2620	24918	324
2621	24919	610
2622	24920	163
2623	24921	555
2624	24922	998
2625	24923	282
2626	24924	229
2627	24925	443
2628	24926	114
2629	24927	395
2630	24928	736
2631	24929	201
2632	24930	199
2633	24931	385
2634	24932	99
2635	24933	340
2636	24934	640
2637	24935	173
2638	24936	324
2639	24937	610
2640	24938	163
2641	24939	555
2642	24940	998
2643	24941	282
2644	24942	229
2645	24943	443
2646	24944	114
2647	24945	395
2648	24946	736
2649	24947	201
2650	24948	199
2651	24949	385
2652	24950	99
2653	24951	340
2654	24952	640
2655	24953	173
2656	24954	324
2657	24955	610
2658	24956	163
2659	24957	555
2660	24958	998
2661	24959	282
2662	24960	229
2663	24961	443
2664	24962	114
2665	24963	395
2666	24964	736
2667	24965	201
2668	24966	199
2669	24967	385
2670	24968	99
2671	24969	340
2672	24970	640
2673	24971	173
2674	24972	324
2675	24973	610
2676	24974	163
2677	24975	555
2678	24976	998
2679	24977	282
2680	24978	229
2681	24979	443
2682	24980	114
2683	24981	395
2684	24982	736
2685	24983	201
2686	24984	199
2687	24985	385
2688	24986	99
2689	24987	340
2690	24988	640
2691	24989	173
2692	24990	324
2693	24991	610
2694	24992	163
2695	24993	555
2696	24994	998
2697	24995	282
2698	24996	229
2699	24997	443
2700	24998	114
2701	24999	395
2702	25000	736
2703	25001	201
2704	25002	199
2705	25003	385
2706	25004	99
2707	25005	340
2708	25006	640
2709	25007	173
2710	25008	324
2711	25009	610
2712	25010	163
2713	25011	555
2714	25012	998
2715	25013	282
2716	25014	229
2717	25015	443
2718	25016	114
2719	25017	395
2720	25018	736
2721	25019	201
2722	25020	199
2723	25021	385
2724	25022	99
2725	25023	340
2726	25024	640
2727	25025	173
2728	25026	324
2729	25027	610
2730	25028	163
2731	25029	555
2732	25030	998
2733	25031	282
2734	25032	229
2735	25033	443
2736	25034	114
2737	25035	395
2738	25036	736
2739	25037	201
2740	25038	199
2741	25039	385
2742	25040	99
2743	25041	340
2744	25042	640
2745	25043	173
2746	25044	324
2747	25045	610
2748	25046	163
2749	25047	555
2750	25048	998
2751	25049	282
2752	25050	229
2753	25051	443
2754	25052	114
2755	25053	395
2756	25054	736
2757	25055	201
2758	25056	199
2759	25057	385
2760	25058	99
2761	25059	340
2762	25060	640
2763	25061	173
2764	25062	324
2765	25063	610
2766	25064	163
2767	25065	555
2768	25066	998
2769	25067	282
2770	25068	229
2771	25069	443
2772	25070	114
2773	25071	395
2774	25072	736
2775	25073	201
2776	25074	199
2777	25075	385
2778	25076	99
2779	25077	340
2780	25078	640
2781	25079	173
2782	25080	324
2783	25081	610
2784	25082	163
2785	25083	555
2786	25084	998
2787	25085	282
2788	25086	229
2789	25087	443
2790	25088	114
2791	25089	395
2792	25090	736
2793	25091	201
2794	25092	199
2795	25093	385
2796	25094	99
2797	25095	340
2798	25096	640
2799	25097	173
2800	25098	324
2801	25099	610
2802	25100	163
2803	25101	555
2804	25102	998
2805	25103	282
2806	25104	229
2807	25105	443
2808	25106	114
2809	25107	395
2810	25108	736
2811	25109	201
2812	25110	199
2813	25111	385
2814	25112	99
2815	25113	340
2816	25114	640
2817	25115	173
2818	25116	324
2819	25117	610
2820	25118	163
2821	25119	555
2822	25120	998
2823	25121	282
2824	25122	229
2825	25123	443
2826	25124	114
2827	25125	395
2828	25126	736
2829	25127	201
2830	25128	199
2831	25129	385
2832	25130	99
2833	25131	340
2834	25132	640
2835	25133	173
2836	25134	324
2837	25135	610
2838	25136	163
2839	25137	555
2840	25138	998
2841	25139	282
2842	25140	229
2843	25141	443
2844	25142	114
2845	25143	395
2846	25144	736
2847	25145	201
2848	25146	199
2849	25147	385
2850	25148	99
2851	25149	340
2852	25150	640
2853	25151	173
2854	25152	324
2855	25153	610
2856	25154	163
2857	25155	555
2858	25156	998
2859	25157	282
2860	25158	229
2861	25159	443
2862	25160	114
2863	25161	395
2864	25162	736
2865	25163	201
2866	25164	199
2867	25165	385
2868	25166	99
2869	25167	340
2870	25168	640
2871	25169	173
2872	25170	324
2873	25171	610
2874	25172	163
2875	25173	555
2876	25174	998
2877	25175	282
2878	25176	229
2879	25177	443
2880	25178	114
2881	25179	395
2882	25180	736
2883	25181	201
2884	25182	199
2885	25183	385
2886	25184	99
2887	25185	340
2888	25186	640
2889	25187	173
2890	25188	324
2891	25189	610
2892	25190	163
2893	25191	555
2894	25192	998
2895	25193	282
2896	25194	229
2897	25195	443
2898	25196	114
2899	25197	395
2900	25198	736
2901	25199	201
2902	25200	199
2903	25201	385
2904	25202	99
2905	25203	340
2906	25204	640
2907	25205	173
2908	25206	324
2909	25207	610
2910	25208	163
2911	25209	555
2912	25210	998
2913	25211	282
2914	25212	229
2915	25213	443
2916	25214	114
2917	25215	395
2918	25216	736
2919	25217	201
2920	25218	199
2921	25219	385
2922	25220	99
2923	25221	340
2924	25222	640
2925	25223	173
2926	25224	324
2927	25225	610
2928	25226	163
2929	25227	555
2930	25228	998
2931	25229	282
2932	25230	229
2933	25231	443
2934	25232	114
2935	25233	395
2936	25234	736
2937	25235	201
2938	25236	199
2939	25237	385
2940	25238	99
2941	25239	340
2942	25240	640
2943	25241	173
2944	25242	324
2945	25243	610
2946	25244	163
2947	25245	555
2948	25246	998
2949	25247	282
2950	25248	229
2951	25249	443
2952	25250	114
2953	25251	395
2954	25252	736
2955	25253	201
2956	25254	199
2957	25255	385
2958	25256	99
2959	25257	340
2960	25258	640
2961	25259	173
2962	25260	324
2963	25261	610
2964	25262	163
2965	25263	555
2966	25264	998
2967	25265	282
2968	25266	229
2969	25267	443
2970	25268	114
2971	25269	395
2972	25270	736
2973	25271	201
2974	25272	199
2975	25273	385
2976	25274	99
2977	25275	340
2978	25276	640
2979	25277	173
2980	25278	324
2981	25279	610
2982	25280	163
2983	25281	555
2984	25282	998
2985	25283	282
2986	25284	229
2987	25285	443
2988	25286	114
2989	25287	395
2990	25288	736
2991	25289	201
2992	25290	199
2993	25291	385
2994	25292	99
2995	25293	340
2996	25294	640
2997	25295	173
2998	25296	324
2999	25297	610
3000	25298	163
3001	25299	555
3002	25300	998
3003	25301	282
3004	25302	229
3005	25303	443
3006	25304	114
3007	25305	395
3008	25306	736
3009	25307	201
3010	25308	199
3011	25309	385
3012	25310	99
3013	25311	340
3014	25312	640
3015	25313	173
3016	25314	324
3017	25315	610
3018	25316	163
3019	25317	555
3020	25318	998
3021	25319	282
3022	25320	229
3023	25321	443
3024	25322	114
3025	25323	395
3026	25324	736
3027	25325	201
3028	25326	199
3029	25327	385
3030	25328	99
3031	25329	340
3032	25330	640
3033	25331	173
3034	25332	324
3035	25333	610
3036	25334	163
3037	25335	555
3038	25336	998
3039	25337	282
3040	25338	229
3041	25339	443
3042	25340	114
3043	25341	395
3044	25342	736
3045	25343	201
3046	25344	199
3047	25345	385
3048	25346	99
3049	25347	340
3050	25348	640
3051	25349	173
3052	25350	324
3053	25351	610
3054	25352	163
3055	25353	555
3056	25354	998
3057	25355	282
3058	25356	229
3059	25357	443
3060	25358	114
3061	25359	395
3062	25360	736
3063	25361	201
3064	25362	199
3065	25363	385
3066	25364	99
3067	25365	340
3068	25366	640
3069	25367	173
3070	25368	324
3071	25369	610
3072	25370	163
3073	25371	555
3074	25372	998
3075	25373	282
3076	25374	229
3077	25375	443
3078	25376	114
3079	25377	395
3080	25378	736
3081	25379	201
3082	25380	199
3083	25381	385
3084	25382	99
3085	25383	340
3086	25384	640
3087	25385	173
3088	25386	324
3089	25387	610
3090	25388	163
3091	25389	555
3092	25390	998
3093	25391	282
3094	25392	229
3095	25393	443
3096	25394	114
3097	25395	395
3098	25396	736
3099	25397	201
3100	25398	199
3101	25399	385
3102	25400	99
3103	25401	340
3104	25402	640
3105	25403	173
3106	25404	324
3107	25405	610
3108	25406	163
3109	25407	555
3110	25408	998
3111	25409	282
3112	25410	229
3113	25411	443
3114	25412	114
3115	25413	395
3116	25414	736
3117	25415	201
3118	25416	199
3119	25417	385
3120	25418	99
3121	25419	340
3122	25420	640
3123	25421	173
3124	25422	324
3125	25423	610
3126	25424	163
3127	25425	555
3128	25426	998
3129	25427	282
3130	25428	229
3131	25429	443
3132	25430	114
3133	25431	395
3134	25432	736
3135	25433	201
3136	25434	199
3137	25435	385
3138	25436	99
3139	25437	340
3140	25438	640
3141	25439	173
3142	25440	324
3143	25441	610
3144	25442	163
3145	25443	555
3146	25444	998
3147	25445	282
3148	25446	229
3149	25447	443
3150	25448	114
3151	25449	395
3152	25450	736
3153	25451	201
3154	25452	199
3155	25453	385
3156	25454	99
3157	25455	340
3158	25456	640
3159	25457	173
3160	25458	324
3161	25459	610
3162	25460	163
3163	25461	555
3164	25462	998
3165	25463	282
3166	25464	229
3167	25465	443
3168	25466	114
3169	25467	395
3170	25468	736
3171	25469	201
3172	25470	199
3173	25471	385
3174	25472	99
3175	25473	340
3176	25474	640
3177	25475	173
3178	25476	324
3179	25477	610
3180	25478	163
3181	25479	555
3182	25480	998
3183	25481	282
3184	25482	229
3185	25483	443
3186	25484	114
3187	25485	395
3188	25486	736
3189	25487	201
3190	25488	199
3191	25489	385
3192	25490	99
3193	25491	340
3194	25492	640
3195	25493	173
3196	25494	324
3197	25495	610
3198	25496	163
3199	25497	555
3200	25498	998
3201	25499	282
3202	25500	229
3203	25501	443
3204	25502	114
3205	25503	395
3206	25504	736
3207	25505	201
3208	25506	199
3209	25507	385
3210	25508	99
3211	25509	340
3212	25510	640
3213	25511	173
3214	25512	324
3215	25513	610
3216	25514	163
3217	25515	555
3218	25516	998
3219	25517	282
3220	25518	229
3221	25519	443
3222	25520	114
3223	25521	395
3224	25522	736
3225	25523	201
3226	25524	199
3227	25525	385
3228	25526	99
3229	25527	340
3230	25528	640
3231	25529	173
3232	25530	324
3233	25531	610
3234	25532	163
3235	25533	555
3236	25534	998
3237	25535	282
3238	25536	229
3239	25537	443
3240	25538	114
3241	25539	395
3242	25540	736
3243	25541	201
3244	25542	199
3245	25543	385
3246	25544	99
3247	25545	340
3248	25546	640
3249	25547	173
3250	25548	324
3251	25549	610
3252	25550	163
3253	25551	555
3254	25552	998
3255	25553	282
3256	25554	229
3257	25555	443
3258	25556	114
3259	25557	395
3260	25558	736
3261	25559	201
3262	25560	199
3263	25561	385
3264	25562	99
3265	25563	340
3266	25564	640
3267	25565	173
3268	25566	324
3269	25567	610
3270	25568	163
3271	25569	555
3272	25570	998
3273	25571	282
3274	25572	229
3275	25573	443
3276	25574	114
3277	25575	395
3278	25576	736
3279	25577	201
3280	25578	199
3281	25579	385
3282	25580	99
3283	25581	340
3284	25582	640
3285	25583	173
3286	25584	324
3287	25585	610
3288	25586	163
3289	25587	555
3290	25588	998
3291	25589	282
3292	25590	229
3293	25591	443
3294	25592	114
3295	25593	395
3296	25594	736
3297	25595	201
3298	25596	199
3299	25597	385
3300	25598	99
3301	25599	340
3302	25600	640
3303	25601	173
3304	25602	324
3305	25603	610
3306	25604	163
3307	25605	555
3308	25606	998
3309	25607	282
3310	25608	229
3311	25609	443
3312	25610	114
3313	25611	395
3314	25612	736
3315	25613	201
3316	25614	199
3317	25615	385
3318	25616	99
3319	25617	340
3320	25618	640
3321	25619	173
3322	25620	324
3323	25621	610
3324	25622	163
3325	25623	555
3326	25624	998
3327	25625	282
3328	25626	229
3329	25627	443
3330	25628	114
3331	25629	395
3332	25630	736
3333	25631	201
3334	25632	199
3335	25633	385
3336	25634	99
3337	25635	340
3338	25636	640
3339	25637	173
3340	25638	324
3341	25639	610
3342	25640	163
3343	25641	555
3344	25642	998
3345	25643	282
3346	25644	229
3347	25645	443
3348	25646	114
3349	25647	395
3350	25648	736
3351	25649	201
3352	25650	199
3353	25651	385
3354	25652	99
3355	25653	340
3356	25654	640
3357	25655	173
3358	25656	324
3359	25657	610
3360	25658	163
3361	25659	555
3362	25660	998
3363	25661	282
3364	25662	229
3365	25663	443
3366	25664	114
3367	25665	395
3368	25666	736
3369	25667	201
3370	25668	199
3371	25669	385
3372	25670	99
3373	25671	340
3374	25672	640
3375	25673	173
3376	25674	324
3377	25675	610
3378	25676	163
3379	25677	555
3380	25678	998
3381	25679	282
3382	25680	229
3383	25681	443
3384	25682	114
3385	25683	395
3386	25684	736
3387	25685	201
3388	25686	199
3389	25687	385
3390	25688	99
3391	25689	340
3392	25690	640
3393	25691	173
3394	25692	324
3395	25693	610
3396	25694	163
3397	25695	555
3398	25696	998
3399	25697	282
3400	25698	229
3401	25699	443
3402	25700	114
3403	25701	395
3404	25702	736
3405	25703	201
3406	25704	199
3407	25705	385
3408	25706	99
3409	25707	340
3410	25708	640
3411	25709	173
3412	25710	324
3413	25711	610
3414	25712	163
3415	25713	555
3416	25714	998
3417	25715	282
3418	25716	229
3419	25717	443
3420	25718	114
3421	25719	395
3422	25720	736
3423	25721	201
3424	25722	199
3425	25723	385
3426	25724	99
3427	25725	340
3428	25726	640
3429	25727	173
3430	25728	324
3431	25729	610
3432	25730	163
3433	25731	555
3434	25732	998
3435	25733	282
3436	25734	229
3437	25735	443
3438	25736	114
3439	25737	395
3440	25738	736
3441	25739	201
3442	25740	199
3443	25741	385
3444	25742	99
3445	25743	340
3446	25744	640
3447	25745	173
3448	25746	324
3449	25747	610
3450	25748	163
3451	25749	555
3452	25750	998
3453	25751	282
3454	25752	229
3455	25753	443
3456	25754	114
3457	25755	395
3458	25756	736
3459	25757	201
3460	25758	199
3461	25759	385
3462	25760	99
3463	25761	340
3464	25762	640
3465	25763	173
3466	25764	324
3467	25765	610
3468	25766	163
3469	25767	555
3470	25768	998
3471	25769	282
3472	25770	229
3473	25771	443
3474	25772	114
3475	25773	395
3476	25774	736
3477	25775	201
3478	25776	199
3479	25777	385
3480	25778	99
3481	25779	340
3482	25780	640
3483	25781	173
3484	25782	324
3485	25783	610
3486	25784	163
3487	25785	555
3488	25786	998
3489	25787	282
3490	25788	229
3491	25789	443
3492	25790	114
3493	25791	395
3494	25792	736
3495	25793	201
3496	25794	199
3497	25795	385
3498	25796	99
3499	25797	340
3500	25798	640
3501	25799	173
3502	25800	324
3503	25801	610
3504	25802	163
3505	25803	555
3506	25804	998
3507	25805	282
3508	25806	229
3509	25807	443
3510	25808	114
3511	25809	395
3512	25810	736
3513	25811	201
3514	25812	199
3515	25813	385
3516	25814	99
3517	25815	340
3518	25816	640
3519	25817	173
3520	25818	324
3521	25819	610
3522	25820	163
3523	25821	555
3524	25822	998
3525	25823	282
3526	25824	229
3527	25825	443
3528	25826	114
3529	25827	395
3530	25828	736
3531	25829	201
3532	25830	199
3533	25831	385
3534	25832	99
3535	25833	340
3536	25834	640
3537	25835	173
3538	25836	324
3539	25837	610
3540	25838	163
3541	25839	555
3542	25840	998
3543	25841	282
3544	25842	229
3545	25843	443
3546	25844	114
3547	25845	395
3548	25846	736
3549	25847	201
3550	25848	199
3551	25849	385
3552	25850	99
3553	25851	340
3554	25852	640
3555	25853	173
3556	25854	324
3557	25855	610
3558	25856	163
3559	25857	555
3560	25858	998
3561	25859	282
3562	25860	229
3563	25861	443
3564	25862	114
3565	25863	395
3566	25864	736
3567	25865	201
3568	25866	199
3569	25867	385
3570	25868	99
3571	25869	340
3572	25870	640
3573	25871	173
3574	25872	324
3575	25873	610
3576	25874	163
3577	25875	555
3578	25876	998
3579	25877	282
3580	25878	229
3581	25879	443
3582	25880	114
3583	25881	395
3584	25882	736
3585	25883	201
3586	25884	199
3587	25885	385
3588	25886	99
3589	25887	340
3590	25888	640
3591	25889	173
3592	25890	324
3593	25891	610
3594	25892	163
3595	25893	555
3596	25894	998
3597	25895	282
3598	25896	229
3599	25897	443
3600	25898	114
3601	25899	395
3602	25900	736
3603	25901	201
3604	25902	199
3605	25903	385
3606	25904	99
3607	25905	340
3608	25906	640
3609	25907	173
3610	25908	324
3611	25909	610
3612	25910	163
3613	25911	555
3614	25912	998
3615	25913	282
3616	25914	229
3617	25915	443
3618	25916	114
3619	25917	395
3620	25918	736
3621	25919	201
3622	25920	199
3623	25921	385
3624	25922	99
3625	25923	340
3626	25924	640
3627	25925	173
3628	25926	324
3629	25927	610
3630	25928	163
3631	25929	555
3632	25930	998
3633	25931	282
3634	25932	229
3635	25933	443
3636	25934	114
3637	25935	395
3638	25936	736
3639	25937	201
3640	25938	199
3641	25939	385
3642	25940	99
3643	25941	340
3644	25942	640
3645	25943	173
3646	25944	324
3647	25945	610
3648	25946	163
3649	25947	555
3650	25948	998
3651	25949	282
3652	25950	229
3653	25951	443
3654	25952	114
3655	25953	395
3656	25954	736
3657	25955	201
3658	25956	199
3659	25957	385
3660	25958	99
3661	25959	340
3662	25960	640
3663	25961	173
3664	25962	324
3665	25963	610
3666	25964	163
3667	25965	555
3668	25966	998
3669	25967	282
3670	25968	229
3671	25969	443
3672	25970	114
3673	25971	395
3674	25972	736
3675	25973	201
3676	25974	199
3677	25975	385
3678	25976	99
3679	25977	340
3680	25978	640
3681	25979	173
3682	25980	324
3683	25981	610
3684	25982	163
3685	25983	555
3686	25984	998
3687	25985	282
3688	25986	229
3689	25987	443
3690	25988	114
3691	25989	395
3692	25990	736
3693	25991	201
3694	25992	199
3695	25993	385
3696	25994	99
3697	25995	340
3698	25996	640
3699	25997	173
3700	25998	324
3701	25999	610
3702	26000	163
3703	26001	555
3704	26002	998
3705	26003	282
3706	26004	229
3707	26005	443
3708	26006	114
3709	26007	395
3710	26008	736
3711	26009	201
3712	26010	199
3713	26011	385
3714	26012	99
3715	26013	340
3716	26014	640
3717	26015	173
3718	26016	324
3719	26017	610
3720	26018	163
3721	26019	555
3722	26020	998
3723	26021	282
3724	26022	229
3725	26023	443
3726	26024	114
3727	26025	395
3728	26026	736
3729	26027	201
3730	26028	199
3731	26029	385
3732	26030	99
3733	26031	340
3734	26032	640
3735	26033	173
3736	26034	324
3737	26035	610
3738	26036	163
3739	26037	555
3740	26038	998
3741	26039	282
3742	26040	229
3743	26041	443
3744	26042	114
3745	26043	395
3746	26044	736
3747	26045	201
3748	26046	199
3749	26047	385
3750	26048	99
3751	26049	340
3752	26050	640
3753	26051	173
3754	26052	324
3755	26053	610
3756	26054	163
3757	26055	555
3758	26056	998
3759	26057	282
3760	26058	229
3761	26059	443
3762	26060	114
3763	26061	395
3764	26062	736
3765	26063	201
3766	26064	199
3767	26065	385
3768	26066	99
3769	26067	340
3770	26068	640
3771	26069	173
3772	26070	324
3773	26071	610
3774	26072	163
3775	26073	555
3776	26074	998
3777	26075	282
3778	26076	229
3779	26077	443
3780	26078	114
3781	26079	395
3782	26080	736
3783	26081	201
3784	26082	199
3785	26083	385
3786	26084	99
3787	26085	340
3788	26086	640
3789	26087	173
3790	26088	324
3791	26089	610
3792	26090	163
3793	26091	555
3794	26092	998
3795	26093	282
3796	26094	229
3797	26095	443
3798	26096	114
3799	26097	395
3800	26098	736
3801	26099	201
3802	26100	199
3803	26101	385
3804	26102	99
3805	26103	340
3806	26104	640
3807	26105	173
3808	26106	324
3809	26107	610
3810	26108	163
3811	26109	555
3812	26110	998
3813	26111	282
3814	26112	229
3815	26113	443
3816	26114	114
3817	26115	395
3818	26116	736
3819	26117	201
3820	26118	199
3821	26119	385
3822	26120	99
3823	26121	340
3824	26122	640
3825	26123	173
3826	26124	324
3827	26125	610
3828	26126	163
3829	26127	555
3830	26128	998
3831	26129	282
3832	26130	229
3833	26131	443
3834	26132	114
3835	26133	395
3836	26134	736
3837	26135	201
3838	26136	199
3839	26137	385
3840	26138	99
3841	26139	340
3842	26140	640
3843	26141	173
3844	26142	324
3845	26143	610
3846	26144	163
3847	26145	555
3848	26146	998
3849	26147	282
3850	26148	229
3851	26149	443
3852	26150	114
3853	26151	395
3854	26152	736
3855	26153	201
3856	26154	199
3857	26155	385
3858	26156	99
3859	26157	340
3860	26158	640
3861	26159	173
3862	26160	324
3863	26161	610
3864	26162	163
3865	26163	555
3866	26164	998
3867	26165	282
3868	26166	229
3869	26167	443
3870	26168	114
3871	26169	395
3872	26170	736
3873	26171	201
3874	26172	199
3875	26173	385
3876	26174	99
3877	26175	340
3878	26176	640
3879	26177	173
3880	26178	324
3881	26179	610
3882	26180	163
3883	26181	555
3884	26182	998
3885	26183	282
3886	26184	229
3887	26185	443
3888	26186	114
3889	26187	395
3890	26188	736
3891	26189	201
3892	26190	199
3893	26191	385
3894	26192	99
3895	26193	340
3896	26194	640
3897	26195	173
3898	26196	324
3899	26197	610
3900	26198	163
3901	26199	555
3902	26200	998
3903	26201	282
3904	26202	229
3905	26203	443
3906	26204	114
3907	26205	395
3908	26206	736
3909	26207	201
3910	26208	199
3911	26209	385
3912	26210	99
3913	26211	340
3914	26212	640
3915	26213	173
3916	26214	324
3917	26215	610
3918	26216	163
3919	26217	555
3920	26218	998
3921	26219	282
3922	26220	229
3923	26221	443
3924	26222	114
3925	26223	395
3926	26224	736
3927	26225	201
3928	26226	199
3929	26227	385
3930	26228	99
3931	26229	340
3932	26230	640
3933	26231	173
3934	26232	324
3935	26233	610
3936	26234	163
3937	26235	555
3938	26236	998
3939	26237	282
3940	26238	229
3941	26239	443
3942	26240	114
3943	26241	395
3944	26242	736
3945	26243	201
3946	26244	199
3947	26245	385
3948	26246	99
3949	26247	340
3950	26248	640
3951	26249	173
3952	26250	324
3953	26251	610
3954	26252	163
3955	26253	555
3956	26254	998
3957	26255	282
3958	26256	229
3959	26257	443
3960	26258	114
3961	26259	395
3962	26260	736
3963	26261	201
3964	26262	199
3965	26263	385
3966	26264	99
3967	26265	340
3968	26266	640
3969	26267	173
3970	26268	324
3971	26269	610
3972	26270	163
3973	26271	555
3974	26272	998
3975	26273	282
3976	26274	229
3977	26275	443
3978	26276	114
3979	26277	395
3980	26278	736
3981	26279	201
3982	26280	199
3983	26281	385
3984	26282	99
3985	26283	340
3986	26284	640
3987	26285	173
3988	26286	324
3989	26287	610
3990	26288	163
3991	26289	555
3992	26290	998
3993	26291	282
3994	26292	229
3995	26293	443
3996	26294	114
3997	26295	395
3998	26296	736
3999	26297	201
